epoch,train_mae,train_mape,train_rmse,val_mae,val_mape,val_rmse,lr
1,30.983215876988,0.28442948701835813,19.329320271809895,25.538392543792725,0.267437931150198,26.084847450256348,0.002
