{
  "model": "equinox",
  "dataset": "SYNTH",
  "train_losses": [
    0.07059734169094042,
    0.0
  ],
  "val_losses": [
    0.0,
    0.0
  ],
  "best_val_loss": 0.0,
  "best_epoch": 1,
  "total_time": 39.571133613586426
}