{
  "model": "solstice",
  "dataset": "SYNTH",
  "train_losses": [
    6.6022268273364535,
    5.447368161431674
  ],
  "val_losses": [
    6.452780522798237,
    4.770794366535387
  ],
  "best_val_loss": 4.770794366535387,
  "best_epoch": 2,
  "total_time": 63.38304281234741
}