{
  "train": {
    "x_mean": 23.111967134069086,
    "x_std": 34.01305245137029,
    "y_mean": 69.71558627299873,
    "y_std": 19.313244186548086,
    "x_shape": [
      333,
      12,
      10,
      3
    ],
    "y_shape": [
      333,
      12,
      10,
      1
    ]
  },
  "val": {
    "x_mean": 32.673781549862106,
    "x_std": 45.42548278866791,
    "y_mean": 95.78057104879828,
    "y_std": 5.850743812734254,
    "x_shape": [
      49,
      12,
      10,
      3
    ],
    "y_shape": [
      49,
      12,
      10,
      1
    ]
  },
  "test": {
    "x_mean": 23.874185227191504,
    "x_std": 33.905585063893874,
    "y_mean": 64.2317711397304,
    "y_std": 14.953866062633178,
    "x_shape": [
      95,
      12,
      10,
      3
    ],
    "y_shape": [
      95,
      12,
      10,
      1
    ]
  }
}